title,description,priority,deadline,is_completed,user_id
コードレビュー,プロジェクトAのコードレビューを行う,2,2023-10-10,0,1
ドキュメント作成,システムの仕様書を作成する,3,2023-10-15,1,1
ミーティング準備,プロジェクトBの打ち合わせ資料を作る,2,2023-10-08,0,1
システムテスト,新機能のシステムテストを行う,2,2023-10-12,1,1
バグ修正,ユーザーからの報告に基づくバグの修正,3,2023-10-07,0,1
DB最適化,データベースのパフォーマンスチューニングを行う,2,2023-10-20,1,1
クライアント対応,クライアントからの要望をヒアリングする,1,2023-10-18,0,1
研修参加,新技術の研修に参加する,1,2023-10-25,1,1
サーバーメンテナンス,サーバーの定期メンテナンスを行う,2,2023-10-28,0,1
セキュリティチェック,システムのセキュリティチェックを行う,3,2023-10-21,1,1
プロトタイプ開発,新サービスのプロトタイプを作成する,2,2023-10-11,0,2
UIデザイン,ユーザーインターフェースのデザインを考える,1,2023-10-09,1,2
アルゴリズム改善,処理速度の最適化のためのアルゴリズム改善,3,2023-10-14,0,2
API開発,外部サービスとの連携のためのAPI開発,2,2023-10-16,1,2
クラウド環境構築,AWS上に開発環境を構築する,3,2023-10-13,0,2
エラーログ分析,システムのエラーログを分析し、問題を特定する,2,2023-10-17,1,2
データ分析,ユーザー行動データの分析とレポート作成,1,2023-10-22,0,2
ソフトウェアアップデート,使用ソフトウェアの最新版へのアップデート,1,2023-10-19,1,2
インフラ構成の見直し,システムのインフラ構成を見直し、改善する,2,2023-10-24,0,2
コードのリファクタリング,既存コードの品質向上のためのリファクタリング,3,2023-10-26,1,2
新技術調査,業界の新技術トレンドを調査する,1,2023-10-10,0,3
チームミーティング,プロジェクトチームとの週次ミーティング,2,2023-10-13,1,3
スクラムレビュー,スプリントの終了とともにレビューミーティングを行う,2,2023-10-15,0,3
カンバンの整理,タスク管理のためのカンバンを整理する,1,2023-10-17,1,3
ドキュメントのレビュー,他メンバーの作成したドキュメントのレビューを行う,3,2023-10-19,0,3
パフォーマンステスト,システムのパフォーマンステストを行い、結果を分析する,3,2023-10-21,1,3
コーディング規約の確認,チームでのコーディング規約を確認し、遵守する,1,2023-10-23,0,3
バージョン管理,ソースコードのバージョン管理を適切に行う,2,2023-10-25,1,3
開発環境のセットアップ,新プロジェクトの開発環境をセットアップする,2,2023-10-27,0,3
クライアントとのコミュニケーション,クライアントとの定期的な進捗報告とミーティング,1,2023-10-29,1,3
